a,b,K,N,epsilon,Best x,Best f(x),Initial Population
-7,7,2,100,0.001,-0.684351873044938,16.862806495314945,"['0101101001111001', '1110001011010001']"
-7,7,6,100,0.001,-0.06675822079804661,-0.17035629363066498,"['1010101001111110', '1100111110010111', '0000001101000011', '0011011100011110', '1110110111001000', '1111110010100110']"
-7,7,10,100,0.001,-0.0676127260242616,-0.17037852301502615,"['1010001111111011', '0111011101010110', '1000011011111101', '0001110110100001', '1100111011100000', '1011000011001110', '1001100100001111', '1011010011011100', '0001111000011010', '1000010111110101']"
-7,7,14,100,0.001,-0.0676127260242616,-0.17037852301502615,"['1010100001011011', '0111100101001010', '1111000010111011', '1010101110101011', '1001100111010101', '1111000001100000', '1111110110110000', '0001000001100011', '0101011001000110', '1100111000011110', '1110001110111111', '0000010101001000', '0111111011010010', '1101001000111101']"
-7,7,18,100,0.001,-0.0676127260242616,-0.17037852301502615,"['1011001010110010', '1000100001111010', '0101111101000000', '0010000010010000', '0100101100101100', '1110111001000111', '1101100001011010', '0010010100111010', '1001111011001111', '0000011111111110', '1010000111000100', '0110010000110010', '0100100111101100', '0010110011101111', '0000000001101111', '1000000110111000', '1001000011011111', '1100011010101000']"
-7,7,22,100,0.001,-0.0676127260242616,-0.17037852301502615,"['1110011100001111', '0011100110101010', '1000011011001001', '1000001101000101', '1011110100011101', '1110011010001110', '0101011010011110', '0100001100101111', '1101000111000010', '0110111110001010', '0101000100010101', '1011001110000011', '1000111100010010', '0001111001010110', '1101011100110001', '0000110011110110', '0011001010100110', '0010101101111101', '0001011110110010', '0110000010010010', '1100111000011110', '1001100100110011']"
-7,7,26,100,0.001,-0.0676127260242616,-0.17037852301502615,"['1100001111100101', '1101100110010101', '0010010101100101', '0011111100101000', '0001001111100110', '1000111000010101', '1011110001100000', '0001011100110100', '0110111110001000', '0010010100010011', '1110000011110011', '0010011101101001', '1111010001011100', '0000000010101100', '1100100011101010', '1010011100000101', '0100011100101110', '0110100011110100', '0100010011110110', '1110001110000010', '0010100001010110', '0000100001010001', '0001001111011001', '0001101110100110', '1001011101001000', '0100010110100010']"
